{
  "OurPartnersPage" : {
    "transaction" : "OurPartnersPage",
    "sampleCount" : 150,
    "errorCount" : 1,
    "errorPct" : 0.6666667,
    "meanResTime" : 3100.186666666667,
    "medianResTime" : 2649.0,
    "minResTime" : 1.0,
    "maxResTime" : 20124.0,
    "pct1ResTime" : 4820.7,
    "pct2ResTime" : 6218.299999999997,
    "pct3ResTime" : 15700.260000000078,
    "throughput" : 2.931634288394637,
    "receivedKBytesPerSec" : 96.87875615643202,
    "sentKBytesPerSec" : 0.7593047323906501
  },
  "OurPartnersPage-0" : {
    "transaction" : "OurPartnersPage-0",
    "sampleCount" : 149,
    "errorCount" : 0,
    "errorPct" : 0.0,
    "meanResTime" : 332.1744966442953,
    "medianResTime" : 267.0,
    "minResTime" : 232.0,
    "maxResTime" : 3132.0,
    "pct1ResTime" : 556.0,
    "pct2ResTime" : 758.0,
    "pct3ResTime" : 2165.5,
    "throughput" : 2.942802970453468,
    "receivedKBytesPerSec" : 2.7962375881359613,
    "sentKBytesPerSec" : 0.3850933574616843
  },
  "OurPartnersPage-1" : {
    "transaction" : "OurPartnersPage-1",
    "sampleCount" : 149,
    "errorCount" : 0,
    "errorPct" : 0.0,
    "meanResTime" : 2788.697986577183,
    "medianResTime" : 2351.0,
    "minResTime" : 534.0,
    "maxResTime" : 19854.0,
    "pct1ResTime" : 4562.0,
    "pct2ResTime" : 5378.0,
    "pct3ResTime" : 15518.5,
    "throughput" : 2.9471102496143042,
    "receivedKBytesPerSec" : 95.20309981234423,
    "sentKBytesPerSec" : 0.3827789679674829
  },
  "NewsPage-1" : {
    "transaction" : "NewsPage-1",
    "sampleCount" : 149,
    "errorCount" : 1,
    "errorPct" : 0.67114097,
    "meanResTime" : 3688.610738255032,
    "medianResTime" : 3167.0,
    "minResTime" : 2.0,
    "maxResTime" : 32920.0,
    "pct1ResTime" : 6062.0,
    "pct2ResTime" : 6966.5,
    "pct3ResTime" : 21753.5,
    "throughput" : 2.6510568642801227,
    "receivedKBytesPerSec" : 95.03532194105402,
    "sentKBytesPerSec" : 0.33172961444025334
  },
  "NewsPage-0" : {
    "transaction" : "NewsPage-0",
    "sampleCount" : 149,
    "errorCount" : 0,
    "errorPct" : 0.0,
    "meanResTime" : 562.1744966442953,
    "medianResTime" : 271.0,
    "minResTime" : 234.0,
    "maxResTime" : 23898.0,
    "pct1ResTime" : 775.0,
    "pct2ResTime" : 1448.5,
    "pct3ResTime" : 13155.5,
    "throughput" : 2.67715969527095,
    "receivedKBytesPerSec" : 2.533366938200733,
    "sentKBytesPerSec" : 0.33987378943869484
  },
  "Service-Education-TrainingPage-0" : {
    "transaction" : "Service-Education-TrainingPage-0",
    "sampleCount" : 149,
    "errorCount" : 0,
    "errorPct" : 0.0,
    "meanResTime" : 377.0872483221476,
    "medianResTime" : 271.0,
    "minResTime" : 233.0,
    "maxResTime" : 1865.0,
    "pct1ResTime" : 753.0,
    "pct2ResTime" : 1048.5,
    "pct3ResTime" : 1783.5,
    "throughput" : 2.7901576719973034,
    "receivedKBytesPerSec" : 2.7002404813958276,
    "sentKBytesPerSec" : 0.41416402943709973
  },
  "Service-Education-TrainingPage-1" : {
    "transaction" : "Service-Education-TrainingPage-1",
    "sampleCount" : 149,
    "errorCount" : 1,
    "errorPct" : 0.67114097,
    "meanResTime" : 3686.1879194630874,
    "medianResTime" : 3185.0,
    "minResTime" : 763.0,
    "maxResTime" : 18290.0,
    "pct1ResTime" : 6231.0,
    "pct2ResTime" : 7026.5,
    "pct3ResTime" : 15179.0,
    "throughput" : 2.764173345206293,
    "receivedKBytesPerSec" : 95.8076039985437,
    "sentKBytesPerSec" : 0.4048719714677946
  },
  "Service-E-Commerce-SolutionPage-0" : {
    "transaction" : "Service-E-Commerce-SolutionPage-0",
    "sampleCount" : 149,
    "errorCount" : 0,
    "errorPct" : 0.0,
    "meanResTime" : 363.66442953020135,
    "medianResTime" : 272.0,
    "minResTime" : 234.0,
    "maxResTime" : 2228.0,
    "pct1ResTime" : 728.0,
    "pct2ResTime" : 840.5,
    "pct3ResTime" : 2220.5,
    "throughput" : 2.7032911208679558,
    "receivedKBytesPerSec" : 2.6188132733408325,
    "sentKBytesPerSec" : 0.4039097084890598
  },
  "Service-E-Commerce-SolutionPage" : {
    "transaction" : "Service-E-Commerce-SolutionPage",
    "sampleCount" : 150,
    "errorCount" : 1,
    "errorPct" : 0.6666667,
    "meanResTime" : 3758.5466666666657,
    "medianResTime" : 3299.0,
    "minResTime" : 2.0,
    "maxResTime" : 18812.0,
    "pct1ResTime" : 6191.600000000002,
    "pct2ResTime" : 7235.099999999999,
    "pct3ResTime" : 14836.04000000007,
    "throughput" : 2.6931432572669984,
    "receivedKBytesPerSec" : 87.37477234523404,
    "sentKBytesPerSec" : 0.7968092143652261
  },
  "Service-Education-TrainingPage" : {
    "transaction" : "Service-Education-TrainingPage",
    "sampleCount" : 150,
    "errorCount" : 2,
    "errorPct" : 1.3333334,
    "meanResTime" : 4036.253333333335,
    "medianResTime" : 3567.5,
    "minResTime" : 1.0,
    "maxResTime" : 18549.0,
    "pct1ResTime" : 6986.600000000001,
    "pct2ResTime" : 7614.949999999999,
    "pct3ResTime" : 15377.310000000056,
    "throughput" : 2.7687025859682155,
    "receivedKBytesPerSec" : 98.02411251545858,
    "sentKBytesPerSec" : 0.8110712341030326
  },
  "Service-E-Commerce-SolutionPage-1" : {
    "transaction" : "Service-E-Commerce-SolutionPage-1",
    "sampleCount" : 149,
    "errorCount" : 0,
    "errorPct" : 0.0,
    "meanResTime" : 3419.993288590604,
    "medianResTime" : 2897.0,
    "minResTime" : 579.0,
    "maxResTime" : 18541.0,
    "pct1ResTime" : 5921.0,
    "pct2ResTime" : 6964.5,
    "pct3ResTime" : 14645.5,
    "throughput" : 2.686911674541061,
    "receivedKBytesPerSec" : 85.11789825238036,
    "sentKBytesPerSec" : 0.39883845168968873
  },
  "ProductsPage-1" : {
    "transaction" : "ProductsPage-1",
    "sampleCount" : 147,
    "errorCount" : 1,
    "errorPct" : 0.6802721,
    "meanResTime" : 3762.802721088435,
    "medianResTime" : 3141.0,
    "minResTime" : 748.0,
    "maxResTime" : 17432.0,
    "pct1ResTime" : 7048.000000000001,
    "pct2ResTime" : 9154.999999999996,
    "pct3ResTime" : 16895.36000000001,
    "throughput" : 2.6171019601559578,
    "receivedKBytesPerSec" : 90.11109678492585,
    "sentKBytesPerSec" : 0.33760420561163634
  },
  "ProductsPage-0" : {
    "transaction" : "ProductsPage-0",
    "sampleCount" : 147,
    "errorCount" : 0,
    "errorPct" : 0.0,
    "meanResTime" : 363.095238095238,
    "medianResTime" : 269.0,
    "minResTime" : 232.0,
    "maxResTime" : 3561.0,
    "pct1ResTime" : 538.800000000005,
    "pct2ResTime" : 1033.1999999999994,
    "pct3ResTime" : 2901.000000000014,
    "throughput" : 2.642411605040355,
    "receivedKBytesPerSec" : 2.5108071208049467,
    "sentKBytesPerSec" : 0.34578433112832774
  },
  "NewsPage" : {
    "transaction" : "NewsPage",
    "sampleCount" : 150,
    "errorCount" : 2,
    "errorPct" : 1.3333334,
    "meanResTime" : 4224.34,
    "medianResTime" : 3701.5,
    "minResTime" : 268.0,
    "maxResTime" : 33162.0,
    "pct1ResTime" : 6769.7,
    "pct2ResTime" : 7701.999999999998,
    "pct3ResTime" : 28437.870000000083,
    "throughput" : 2.657689581856839,
    "receivedKBytesPerSec" : 97.1722771139706,
    "sentKBytesPerSec" : 0.6654951607902198
  },
  "ContactPage-1" : {
    "transaction" : "ContactPage-1",
    "sampleCount" : 149,
    "errorCount" : 0,
    "errorPct" : 0.0,
    "meanResTime" : 2374.328859060402,
    "medianResTime" : 2170.0,
    "minResTime" : 545.0,
    "maxResTime" : 8633.0,
    "pct1ResTime" : 3887.0,
    "pct2ResTime" : 5074.0,
    "pct3ResTime" : 7509.5,
    "throughput" : 3.0545931650915357,
    "receivedKBytesPerSec" : 105.72054332422763,
    "sentKBytesPerSec" : 0.3937561501875807
  },
  "ContactPage-0" : {
    "transaction" : "ContactPage-0",
    "sampleCount" : 149,
    "errorCount" : 0,
    "errorPct" : 0.0,
    "meanResTime" : 292.71140939597336,
    "medianResTime" : 265.0,
    "minResTime" : 233.0,
    "maxResTime" : 1074.0,